<?xml version="1.0"?>
<!--<!DOCTYPE metadata SYSTEM "http://www.esri.com/metadata/esriprof80.dtd">-->
<metadata xml:lang="en"><Esri><MetaID>{5D176050-4695-4692-A30C-E18CDD4E5515}</MetaID><CreaDate>20080313</CreaDate><CreaTime>12164000</CreaTime><SyncOnce>TRUE</SyncOnce><DataProperties><lineage><Process ToolSource="C:\Program Files\ArcGIS\ArcToolbox\Toolboxes\Data Management Tools.tbx\CreateFeatureclass" Date="20080313" Time="121640">CreateFeatureclass D:\Temp\Tydixton_Park_Tutorial_Data\Sample_Models\RBI tydixton_rbi_RBI_ALL_TARGETS POLYGON C:\Temp\PAT_SCRATCH\RBI_20081613120307\puint0.shp DISABLED DISABLED "PROJCS['WGS_1984_Lambert_Conformal_Conic',GEOGCS['GCS_WGS_1984',DATUM['D_WGS_1984',SPHEROID['WGS_1984',6378137.0,298.257223563]],PRIMEM['Greenwich',0.0],UNIT['Degree',0.0174532925199433]],PROJECTION['Lambert_Conformal_Conic'],PARAMETER['False_Easting',750000.0],PARAMETER['False_Northing',650000.0],PARAMETER['Central_Meridian',-77.0],PARAMETER['Standard_Parallel_1',18.0],PARAMETER['Standard_Parallel_2',18.0],PARAMETER['Latitude_Of_Origin',18.0],UNIT['Meter',1.0]];-37363500 -25892900 118162845.90422;0 100000;0 100000;0.001;0.00002;0.00002;IsHighPrecision" # 0 0 0 D:\Temp\Tydixton_Park_Tutorial_Data\Sample_Models\RBI\tydixton_rbi_RBI_ALL_TARGETS.shp</Process></lineage></DataProperties></Esri></metadata>
