<?xml version="1.0"?>
<!--<!DOCTYPE metadata SYSTEM "http://www.esri.com/metadata/esriprof80.dtd">-->
<metadata xml:lang="en"><Esri><MetaID>{8947947B-7F90-425E-AB07-35C755131A89}</MetaID><CreaDate>20080313</CreaDate><CreaTime>12121400</CreaTime><SyncOnce>TRUE</SyncOnce><DataProperties><lineage><Process Name="CellStatistics_7" ToolSource="C:\Program Files\ArcGIS\ArcToolbox\Toolboxes\Spatial Analyst Tools.tbx\CellStatistics" Date="20080313" Time="121214">CellStatistics C:\Temp\PAT_SCRATCH\ERS_OUT_R0;C:\Temp\PAT_SCRATCH\ERS_OUT_R1;C:\Temp\PAT_SCRATCH\ERS_OUT_R2;C:\Temp\PAT_SCRATCH\ERS_OUT_R3;C:\Temp\PAT_SCRATCH\ERS_OUT_R4;C:\Temp\PAT_SCRATCH\ERS_OUT_R5 C:\Temp\PAT_SCRATCH\NA SUM</Process><Process Name="CopyRaster_8" ToolSource="C:\Program Files\ArcGIS\ArcToolbox\Toolboxes\Data Management Tools.tbx\CopyRaster" Date="20080313" Time="121217">CopyRaster C:\Temp\PAT_SCRATCH\na D:\Temp\Tydixton_Park_Tutorial_Data\Sample_Models\ERS\tydixton_ers # # # NONE NONE #</Process></lineage></DataProperties></Esri></metadata>
