<PAMDataset>
  <Metadata />
  <Metadata domain="Esri">
    <MDI key="PyramidResamplingType">NEAREST</MDI>
  </Metadata>
  <PAMRasterBand band="1">
    <GDALRasterAttributeTable>
      <FieldDefn index="0">
        <Name>OBJECTID</Name>
        <Type>0</Type>
        <Usage>0</Usage>
      </FieldDefn>
      <FieldDefn index="1">
        <Name>value</Name>
        <Type>0</Type>
        <Usage>0</Usage>
      </FieldDefn>
      <FieldDefn index="2">
        <Name>count</Name>
        <Type>0</Type>
        <Usage>0</Usage>
      </FieldDefn>
      <FieldDefn index="3">
        <Name>classnames</Name>
        <Type>2</Type>
        <Usage>0</Usage>
      </FieldDefn>
      <FieldDefn index="4">
        <Name>simple_classes</Name>
        <Type>2</Type>
        <Usage>0</Usage>
      </FieldDefn>
      <Row index="0">
        <F>1</F>
        <F>1</F>
        <F>12875179</F>
        <F>Tree Cover, broadleaved, evergreen</F>
        <F>Forest</F>
      </Row>
      <Row index="1">
        <F>2</F>
        <F>2</F>
        <F>8688097</F>
        <F>Tree Cover, broadleaved, deciduous, closed</F>
        <F>Forest</F>
      </Row>
      <Row index="2">
        <F>3</F>
        <F>3</F>
        <F>4099003</F>
        <F>Tree Cover, broadleaved, deciduous, open</F>
        <F>Forest</F>
      </Row>
      <Row index="3">
        <F>4</F>
        <F>4</F>
        <F>15080165</F>
        <F>Tree Cover, needle-leaved, evergreen</F>
        <F>Forest</F>
      </Row>
      <Row index="4">
        <F>5</F>
        <F>5</F>
        <F>8054159</F>
        <F>Tree Cover, needle-leaved, deciduous</F>
        <F>Forest</F>
      </Row>
      <Row index="5">
        <F>6</F>
        <F>6</F>
        <F>5606446</F>
        <F>Tree Cover, mixed leaf type</F>
        <F>Forest</F>
      </Row>
      <Row index="6">
        <F>7</F>
        <F>7</F>
        <F>579763</F>
        <F>Tree Cover, regularly flooded, fresh water</F>
        <F>Forest</F>
      </Row>
      <Row index="7">
        <F>8</F>
        <F>8</F>
        <F>115705</F>
        <F>Tree Cover, regularly flooded, saline water</F>
        <F>Forest</F>
      </Row>
      <Row index="8">
        <F>9</F>
        <F>9</F>
        <F>4269938</F>
        <F>Mosaic: Tree Cover / Other natural vegetation</F>
        <F>Forest</F>
      </Row>
      <Row index="9">
        <F>10</F>
        <F>10</F>
        <F>587270</F>
        <F>Tree Cover, burnt</F>
        <F>Forest</F>
      </Row>
      <Row index="10">
        <F>11</F>
        <F>11</F>
        <F>3195387</F>
        <F>Shrub Cover, closed-open, evergreen</F>
        <F>Shrub</F>
      </Row>
      <Row index="11">
        <F>12</F>
        <F>12</F>
        <F>15605651</F>
        <F>Shrub Cover, closed-open, deciduous</F>
        <F>Shrub</F>
      </Row>
      <Row index="12">
        <F>13</F>
        <F>13</F>
        <F>17560702</F>
        <F>Herbaceous Cover, closed-open</F>
        <F>Shrub</F>
      </Row>
      <Row index="13">
        <F>14</F>
        <F>14</F>
        <F>23573022</F>
        <F>Sparse herbaceous or sparse shrub cover</F>
        <F>Grass</F>
      </Row>
      <Row index="14">
        <F>15</F>
        <F>15</F>
        <F>3089962</F>
        <F>Regularly flooded shrub and/or herbaceous cover</F>
        <F>Shrub</F>
      </Row>
      <Row index="15">
        <F>16</F>
        <F>16</F>
        <F>21692769</F>
        <F>Cultivated and managed areas</F>
        <F>Agriculture</F>
      </Row>
      <Row index="16">
        <F>17</F>
        <F>17</F>
        <F>4025653</F>
        <F>Mosaic: Cropland / Tree Cover / Other natural vegetation</F>
        <F>Agriculture</F>
      </Row>
      <Row index="17">
        <F>18</F>
        <F>18</F>
        <F>3921904</F>
        <F>Mosaic: Cropland / Shrub and/or grass cover</F>
        <F>Agriculture</F>
      </Row>
      <Row index="18">
        <F>19</F>
        <F>19</F>
        <F>24629888</F>
        <F>Bare Areas</F>
        <F>Bare or Rock</F>
      </Row>
      <Row index="19">
        <F>20</F>
        <F>20</F>
        <F>471034157</F>
        <F>Water Bodies</F>
        <F>Water</F>
      </Row>
      <Row index="20">
        <F>21</F>
        <F>21</F>
        <F>10660085</F>
        <F>Snow and Ice</F>
        <F>Snow and Ice</F>
      </Row>
      <Row index="21">
        <F>22</F>
        <F>22</F>
        <F>378999</F>
        <F>Artificial surfaces and associated areas</F>
        <F>Urban</F>
      </Row>
      <Row index="22">
        <F>23</F>
        <F>23</F>
        <F>29056</F>
        <F>No Data</F>
        <F>No Data</F>
      </Row>
    </GDALRasterAttributeTable>
    <Metadata>
      <MDI key="RepresentationType">THEMATIC</MDI>
      <MDI key="STATISTICS_MINIMUM">1</MDI>
      <MDI key="STATISTICS_MAXIMUM">23</MDI>
      <MDI key="STATISTICS_MEAN">16.4792009538</MDI>
      <MDI key="STATISTICS_STDDEV">5.528557655625</MDI>
      <MDI key="STATISTICS_SKIPFACTORX">1</MDI>
      <MDI key="STATISTICS_SKIPFACTORY">1</MDI>
      <MDI key="STATISTICS_EXCLUDEDVALUES"></MDI>
    </Metadata>
  </PAMRasterBand>
</PAMDataset>
