<PAMDataset>
  <Metadata />
  <Metadata domain="Esri">
    <MDI key="PyramidResamplingType">NEAREST</MDI>
  </Metadata>
  <PAMRasterBand band="1">
    <GDALRasterAttributeTable>
      <FieldDefn index="0">
        <Name>OBJECTID</Name>
        <Type>0</Type>
        <Usage>0</Usage>
      </FieldDefn>
      <FieldDefn index="1">
        <Name>Value</Name>
        <Type>0</Type>
        <Usage>0</Usage>
      </FieldDefn>
      <FieldDefn index="2">
        <Name>Count</Name>
        <Type>1</Type>
        <Usage>0</Usage>
      </FieldDefn>
      <Row index="0">
        <F>1</F>
        <F>0</F>
        <F>3100453</F>
      </Row>
      <Row index="1">
        <F>2</F>
        <F>1</F>
        <F>1841674</F>
      </Row>
      <Row index="2">
        <F>3</F>
        <F>2</F>
        <F>840231</F>
      </Row>
      <Row index="3">
        <F>4</F>
        <F>3</F>
        <F>640720</F>
      </Row>
      <Row index="4">
        <F>5</F>
        <F>4</F>
        <F>510598</F>
      </Row>
      <Row index="5">
        <F>6</F>
        <F>5</F>
        <F>447999</F>
      </Row>
      <Row index="6">
        <F>7</F>
        <F>6</F>
        <F>396271</F>
      </Row>
      <Row index="7">
        <F>8</F>
        <F>7</F>
        <F>406333</F>
      </Row>
      <Row index="8">
        <F>9</F>
        <F>8</F>
        <F>388718</F>
      </Row>
      <Row index="9">
        <F>10</F>
        <F>9</F>
        <F>358720</F>
      </Row>
      <Row index="10">
        <F>11</F>
        <F>10</F>
        <F>290175</F>
      </Row>
      <Row index="11">
        <F>12</F>
        <F>11</F>
        <F>252791</F>
      </Row>
      <Row index="12">
        <F>13</F>
        <F>12</F>
        <F>249440</F>
      </Row>
      <Row index="13">
        <F>14</F>
        <F>13</F>
        <F>215665</F>
      </Row>
      <Row index="14">
        <F>15</F>
        <F>14</F>
        <F>199898</F>
      </Row>
      <Row index="15">
        <F>16</F>
        <F>15</F>
        <F>202186</F>
      </Row>
      <Row index="16">
        <F>17</F>
        <F>16</F>
        <F>200291</F>
      </Row>
      <Row index="17">
        <F>18</F>
        <F>17</F>
        <F>193253</F>
      </Row>
      <Row index="18">
        <F>19</F>
        <F>18</F>
        <F>182469</F>
      </Row>
      <Row index="19">
        <F>20</F>
        <F>19</F>
        <F>184169</F>
      </Row>
      <Row index="20">
        <F>21</F>
        <F>20</F>
        <F>177901</F>
      </Row>
      <Row index="21">
        <F>22</F>
        <F>21</F>
        <F>174854</F>
      </Row>
      <Row index="22">
        <F>23</F>
        <F>22</F>
        <F>179770</F>
      </Row>
      <Row index="23">
        <F>24</F>
        <F>23</F>
        <F>171056</F>
      </Row>
      <Row index="24">
        <F>25</F>
        <F>24</F>
        <F>160101</F>
      </Row>
      <Row index="25">
        <F>26</F>
        <F>25</F>
        <F>153581</F>
      </Row>
      <Row index="26">
        <F>27</F>
        <F>26</F>
        <F>152615</F>
      </Row>
      <Row index="27">
        <F>28</F>
        <F>27</F>
        <F>141660</F>
      </Row>
      <Row index="28">
        <F>29</F>
        <F>28</F>
        <F>126042</F>
      </Row>
      <Row index="29">
        <F>30</F>
        <F>29</F>
        <F>127914</F>
      </Row>
      <Row index="30">
        <F>31</F>
        <F>30</F>
        <F>132898</F>
      </Row>
      <Row index="31">
        <F>32</F>
        <F>31</F>
        <F>138741</F>
      </Row>
      <Row index="32">
        <F>33</F>
        <F>32</F>
        <F>132127</F>
      </Row>
      <Row index="33">
        <F>34</F>
        <F>33</F>
        <F>126425</F>
      </Row>
      <Row index="34">
        <F>35</F>
        <F>34</F>
        <F>124912</F>
      </Row>
      <Row index="35">
        <F>36</F>
        <F>35</F>
        <F>135604</F>
      </Row>
      <Row index="36">
        <F>37</F>
        <F>36</F>
        <F>151390</F>
      </Row>
      <Row index="37">
        <F>38</F>
        <F>37</F>
        <F>154688</F>
      </Row>
      <Row index="38">
        <F>39</F>
        <F>38</F>
        <F>180944</F>
      </Row>
      <Row index="39">
        <F>40</F>
        <F>39</F>
        <F>191554</F>
      </Row>
      <Row index="40">
        <F>41</F>
        <F>40</F>
        <F>200848</F>
      </Row>
      <Row index="41">
        <F>42</F>
        <F>41</F>
        <F>194712</F>
      </Row>
      <Row index="42">
        <F>43</F>
        <F>42</F>
        <F>211216</F>
      </Row>
      <Row index="43">
        <F>44</F>
        <F>43</F>
        <F>211482</F>
      </Row>
      <Row index="44">
        <F>45</F>
        <F>44</F>
        <F>217283</F>
      </Row>
      <Row index="45">
        <F>46</F>
        <F>45</F>
        <F>268891</F>
      </Row>
      <Row index="46">
        <F>47</F>
        <F>46</F>
        <F>302455</F>
      </Row>
      <Row index="47">
        <F>48</F>
        <F>47</F>
        <F>293443</F>
      </Row>
      <Row index="48">
        <F>49</F>
        <F>48</F>
        <F>290257</F>
      </Row>
      <Row index="49">
        <F>50</F>
        <F>49</F>
        <F>271461</F>
      </Row>
      <Row index="50">
        <F>51</F>
        <F>50</F>
        <F>251038</F>
      </Row>
      <Row index="51">
        <F>52</F>
        <F>51</F>
        <F>259289</F>
      </Row>
      <Row index="52">
        <F>53</F>
        <F>52</F>
        <F>313746</F>
      </Row>
      <Row index="53">
        <F>54</F>
        <F>53</F>
        <F>361513</F>
      </Row>
      <Row index="54">
        <F>55</F>
        <F>54</F>
        <F>342549</F>
      </Row>
      <Row index="55">
        <F>56</F>
        <F>55</F>
        <F>345783</F>
      </Row>
      <Row index="56">
        <F>57</F>
        <F>56</F>
        <F>347046</F>
      </Row>
      <Row index="57">
        <F>58</F>
        <F>57</F>
        <F>338445</F>
      </Row>
      <Row index="58">
        <F>59</F>
        <F>58</F>
        <F>284482</F>
      </Row>
      <Row index="59">
        <F>60</F>
        <F>59</F>
        <F>276959</F>
      </Row>
      <Row index="60">
        <F>61</F>
        <F>60</F>
        <F>271216</F>
      </Row>
      <Row index="61">
        <F>62</F>
        <F>61</F>
        <F>280140</F>
      </Row>
      <Row index="62">
        <F>63</F>
        <F>62</F>
        <F>314022</F>
      </Row>
      <Row index="63">
        <F>64</F>
        <F>63</F>
        <F>332841</F>
      </Row>
      <Row index="64">
        <F>65</F>
        <F>64</F>
        <F>403387</F>
      </Row>
      <Row index="65">
        <F>66</F>
        <F>65</F>
        <F>423730</F>
      </Row>
      <Row index="66">
        <F>67</F>
        <F>66</F>
        <F>391992</F>
      </Row>
      <Row index="67">
        <F>68</F>
        <F>67</F>
        <F>386610</F>
      </Row>
      <Row index="68">
        <F>69</F>
        <F>68</F>
        <F>365545</F>
      </Row>
      <Row index="69">
        <F>70</F>
        <F>69</F>
        <F>371202</F>
      </Row>
      <Row index="70">
        <F>71</F>
        <F>70</F>
        <F>373612</F>
      </Row>
      <Row index="71">
        <F>72</F>
        <F>71</F>
        <F>358564</F>
      </Row>
      <Row index="72">
        <F>73</F>
        <F>72</F>
        <F>355619</F>
      </Row>
      <Row index="73">
        <F>74</F>
        <F>73</F>
        <F>305096</F>
      </Row>
      <Row index="74">
        <F>75</F>
        <F>74</F>
        <F>275518</F>
      </Row>
      <Row index="75">
        <F>76</F>
        <F>75</F>
        <F>256602</F>
      </Row>
      <Row index="76">
        <F>77</F>
        <F>76</F>
        <F>212081</F>
      </Row>
      <Row index="77">
        <F>78</F>
        <F>77</F>
        <F>186881</F>
      </Row>
      <Row index="78">
        <F>79</F>
        <F>78</F>
        <F>156243</F>
      </Row>
      <Row index="79">
        <F>80</F>
        <F>79</F>
        <F>133675</F>
      </Row>
      <Row index="80">
        <F>81</F>
        <F>80</F>
        <F>130259</F>
      </Row>
      <Row index="81">
        <F>82</F>
        <F>81</F>
        <F>125633</F>
      </Row>
      <Row index="82">
        <F>83</F>
        <F>82</F>
        <F>120952</F>
      </Row>
      <Row index="83">
        <F>84</F>
        <F>83</F>
        <F>118122</F>
      </Row>
      <Row index="84">
        <F>85</F>
        <F>84</F>
        <F>111098</F>
      </Row>
      <Row index="85">
        <F>86</F>
        <F>85</F>
        <F>103912</F>
      </Row>
      <Row index="86">
        <F>87</F>
        <F>86</F>
        <F>94444</F>
      </Row>
      <Row index="87">
        <F>88</F>
        <F>87</F>
        <F>86173</F>
      </Row>
      <Row index="88">
        <F>89</F>
        <F>88</F>
        <F>82575</F>
      </Row>
      <Row index="89">
        <F>90</F>
        <F>89</F>
        <F>78610</F>
      </Row>
      <Row index="90">
        <F>91</F>
        <F>90</F>
        <F>70120</F>
      </Row>
      <Row index="91">
        <F>92</F>
        <F>91</F>
        <F>67019</F>
      </Row>
      <Row index="92">
        <F>93</F>
        <F>92</F>
        <F>65060</F>
      </Row>
      <Row index="93">
        <F>94</F>
        <F>93</F>
        <F>62017</F>
      </Row>
      <Row index="94">
        <F>95</F>
        <F>94</F>
        <F>62487</F>
      </Row>
      <Row index="95">
        <F>96</F>
        <F>95</F>
        <F>60280</F>
      </Row>
      <Row index="96">
        <F>97</F>
        <F>96</F>
        <F>58869</F>
      </Row>
      <Row index="97">
        <F>98</F>
        <F>97</F>
        <F>54802</F>
      </Row>
      <Row index="98">
        <F>99</F>
        <F>98</F>
        <F>53172</F>
      </Row>
      <Row index="99">
        <F>100</F>
        <F>99</F>
        <F>51791</F>
      </Row>
      <Row index="100">
        <F>101</F>
        <F>100</F>
        <F>50466</F>
      </Row>
      <Row index="101">
        <F>102</F>
        <F>101</F>
        <F>50932</F>
      </Row>
      <Row index="102">
        <F>103</F>
        <F>102</F>
        <F>49750</F>
      </Row>
      <Row index="103">
        <F>104</F>
        <F>103</F>
        <F>50176</F>
      </Row>
      <Row index="104">
        <F>105</F>
        <F>104</F>
        <F>49725</F>
      </Row>
      <Row index="105">
        <F>106</F>
        <F>105</F>
        <F>50877</F>
      </Row>
      <Row index="106">
        <F>107</F>
        <F>106</F>
        <F>49469</F>
      </Row>
      <Row index="107">
        <F>108</F>
        <F>107</F>
        <F>48837</F>
      </Row>
      <Row index="108">
        <F>109</F>
        <F>108</F>
        <F>49569</F>
      </Row>
      <Row index="109">
        <F>110</F>
        <F>109</F>
        <F>49563</F>
      </Row>
      <Row index="110">
        <F>111</F>
        <F>110</F>
        <F>50047</F>
      </Row>
      <Row index="111">
        <F>112</F>
        <F>111</F>
        <F>51150</F>
      </Row>
      <Row index="112">
        <F>113</F>
        <F>112</F>
        <F>51577</F>
      </Row>
      <Row index="113">
        <F>114</F>
        <F>113</F>
        <F>53084</F>
      </Row>
      <Row index="114">
        <F>115</F>
        <F>114</F>
        <F>50965</F>
      </Row>
      <Row index="115">
        <F>116</F>
        <F>115</F>
        <F>49402</F>
      </Row>
      <Row index="116">
        <F>117</F>
        <F>116</F>
        <F>47131</F>
      </Row>
      <Row index="117">
        <F>118</F>
        <F>117</F>
        <F>45924</F>
      </Row>
      <Row index="118">
        <F>119</F>
        <F>118</F>
        <F>45591</F>
      </Row>
      <Row index="119">
        <F>120</F>
        <F>119</F>
        <F>45396</F>
      </Row>
      <Row index="120">
        <F>121</F>
        <F>120</F>
        <F>45791</F>
      </Row>
      <Row index="121">
        <F>122</F>
        <F>121</F>
        <F>46856</F>
      </Row>
      <Row index="122">
        <F>123</F>
        <F>122</F>
        <F>47356</F>
      </Row>
      <Row index="123">
        <F>124</F>
        <F>123</F>
        <F>48082</F>
      </Row>
      <Row index="124">
        <F>125</F>
        <F>124</F>
        <F>45719</F>
      </Row>
      <Row index="125">
        <F>126</F>
        <F>125</F>
        <F>45076</F>
      </Row>
      <Row index="126">
        <F>127</F>
        <F>126</F>
        <F>44728</F>
      </Row>
      <Row index="127">
        <F>128</F>
        <F>127</F>
        <F>44704</F>
      </Row>
      <Row index="128">
        <F>129</F>
        <F>128</F>
        <F>46514</F>
      </Row>
      <Row index="129">
        <F>130</F>
        <F>129</F>
        <F>46189</F>
      </Row>
      <Row index="130">
        <F>131</F>
        <F>130</F>
        <F>45116</F>
      </Row>
      <Row index="131">
        <F>132</F>
        <F>131</F>
        <F>45319</F>
      </Row>
      <Row index="132">
        <F>133</F>
        <F>132</F>
        <F>48116</F>
      </Row>
      <Row index="133">
        <F>134</F>
        <F>133</F>
        <F>46403</F>
      </Row>
      <Row index="134">
        <F>135</F>
        <F>134</F>
        <F>44367</F>
      </Row>
      <Row index="135">
        <F>136</F>
        <F>135</F>
        <F>41883</F>
      </Row>
      <Row index="136">
        <F>137</F>
        <F>136</F>
        <F>40655</F>
      </Row>
      <Row index="137">
        <F>138</F>
        <F>137</F>
        <F>40792</F>
      </Row>
      <Row index="138">
        <F>139</F>
        <F>138</F>
        <F>39926</F>
      </Row>
      <Row index="139">
        <F>140</F>
        <F>139</F>
        <F>40388</F>
      </Row>
      <Row index="140">
        <F>141</F>
        <F>140</F>
        <F>39310</F>
      </Row>
      <Row index="141">
        <F>142</F>
        <F>141</F>
        <F>38021</F>
      </Row>
      <Row index="142">
        <F>143</F>
        <F>142</F>
        <F>38007</F>
      </Row>
      <Row index="143">
        <F>144</F>
        <F>143</F>
        <F>37290</F>
      </Row>
      <Row index="144">
        <F>145</F>
        <F>144</F>
        <F>37746</F>
      </Row>
      <Row index="145">
        <F>146</F>
        <F>145</F>
        <F>35087</F>
      </Row>
      <Row index="146">
        <F>147</F>
        <F>146</F>
        <F>33955</F>
      </Row>
      <Row index="147">
        <F>148</F>
        <F>147</F>
        <F>33608</F>
      </Row>
      <Row index="148">
        <F>149</F>
        <F>148</F>
        <F>33230</F>
      </Row>
      <Row index="149">
        <F>150</F>
        <F>149</F>
        <F>32948</F>
      </Row>
      <Row index="150">
        <F>151</F>
        <F>150</F>
        <F>34309</F>
      </Row>
      <Row index="151">
        <F>152</F>
        <F>151</F>
        <F>33897</F>
      </Row>
      <Row index="152">
        <F>153</F>
        <F>152</F>
        <F>33699</F>
      </Row>
      <Row index="153">
        <F>154</F>
        <F>153</F>
        <F>33285</F>
      </Row>
      <Row index="154">
        <F>155</F>
        <F>154</F>
        <F>32363</F>
      </Row>
      <Row index="155">
        <F>156</F>
        <F>155</F>
        <F>32477</F>
      </Row>
      <Row index="156">
        <F>157</F>
        <F>156</F>
        <F>33116</F>
      </Row>
      <Row index="157">
        <F>158</F>
        <F>157</F>
        <F>34119</F>
      </Row>
      <Row index="158">
        <F>159</F>
        <F>158</F>
        <F>34756</F>
      </Row>
      <Row index="159">
        <F>160</F>
        <F>159</F>
        <F>34728</F>
      </Row>
      <Row index="160">
        <F>161</F>
        <F>160</F>
        <F>34688</F>
      </Row>
      <Row index="161">
        <F>162</F>
        <F>161</F>
        <F>35026</F>
      </Row>
      <Row index="162">
        <F>163</F>
        <F>162</F>
        <F>35846</F>
      </Row>
      <Row index="163">
        <F>164</F>
        <F>163</F>
        <F>33904</F>
      </Row>
      <Row index="164">
        <F>165</F>
        <F>164</F>
        <F>32555</F>
      </Row>
      <Row index="165">
        <F>166</F>
        <F>165</F>
        <F>31480</F>
      </Row>
      <Row index="166">
        <F>167</F>
        <F>166</F>
        <F>31875</F>
      </Row>
      <Row index="167">
        <F>168</F>
        <F>167</F>
        <F>31866</F>
      </Row>
      <Row index="168">
        <F>169</F>
        <F>168</F>
        <F>31315</F>
      </Row>
      <Row index="169">
        <F>170</F>
        <F>169</F>
        <F>30450</F>
      </Row>
      <Row index="170">
        <F>171</F>
        <F>170</F>
        <F>30992</F>
      </Row>
      <Row index="171">
        <F>172</F>
        <F>171</F>
        <F>31290</F>
      </Row>
      <Row index="172">
        <F>173</F>
        <F>172</F>
        <F>31411</F>
      </Row>
      <Row index="173">
        <F>174</F>
        <F>173</F>
        <F>30919</F>
      </Row>
      <Row index="174">
        <F>175</F>
        <F>174</F>
        <F>31753</F>
      </Row>
      <Row index="175">
        <F>176</F>
        <F>175</F>
        <F>32744</F>
      </Row>
      <Row index="176">
        <F>177</F>
        <F>176</F>
        <F>32466</F>
      </Row>
      <Row index="177">
        <F>178</F>
        <F>177</F>
        <F>33046</F>
      </Row>
      <Row index="178">
        <F>179</F>
        <F>178</F>
        <F>33281</F>
      </Row>
      <Row index="179">
        <F>180</F>
        <F>179</F>
        <F>33668</F>
      </Row>
      <Row index="180">
        <F>181</F>
        <F>180</F>
        <F>33390</F>
      </Row>
      <Row index="181">
        <F>182</F>
        <F>181</F>
        <F>34703</F>
      </Row>
      <Row index="182">
        <F>183</F>
        <F>182</F>
        <F>37587</F>
      </Row>
      <Row index="183">
        <F>184</F>
        <F>183</F>
        <F>39618</F>
      </Row>
      <Row index="184">
        <F>185</F>
        <F>184</F>
        <F>42896</F>
      </Row>
      <Row index="185">
        <F>186</F>
        <F>185</F>
        <F>45369</F>
      </Row>
      <Row index="186">
        <F>187</F>
        <F>186</F>
        <F>47263</F>
      </Row>
      <Row index="187">
        <F>188</F>
        <F>187</F>
        <F>49691</F>
      </Row>
      <Row index="188">
        <F>189</F>
        <F>188</F>
        <F>52136</F>
      </Row>
      <Row index="189">
        <F>190</F>
        <F>189</F>
        <F>50341</F>
      </Row>
      <Row index="190">
        <F>191</F>
        <F>190</F>
        <F>50604</F>
      </Row>
      <Row index="191">
        <F>192</F>
        <F>191</F>
        <F>50107</F>
      </Row>
      <Row index="192">
        <F>193</F>
        <F>192</F>
        <F>50843</F>
      </Row>
      <Row index="193">
        <F>194</F>
        <F>193</F>
        <F>51287</F>
      </Row>
      <Row index="194">
        <F>195</F>
        <F>194</F>
        <F>52218</F>
      </Row>
      <Row index="195">
        <F>196</F>
        <F>195</F>
        <F>51937</F>
      </Row>
      <Row index="196">
        <F>197</F>
        <F>196</F>
        <F>52807</F>
      </Row>
      <Row index="197">
        <F>198</F>
        <F>197</F>
        <F>50020</F>
      </Row>
      <Row index="198">
        <F>199</F>
        <F>198</F>
        <F>49325</F>
      </Row>
      <Row index="199">
        <F>200</F>
        <F>199</F>
        <F>47693</F>
      </Row>
      <Row index="200">
        <F>201</F>
        <F>200</F>
        <F>46308</F>
      </Row>
      <Row index="201">
        <F>202</F>
        <F>201</F>
        <F>46664</F>
      </Row>
      <Row index="202">
        <F>203</F>
        <F>202</F>
        <F>48160</F>
      </Row>
      <Row index="203">
        <F>204</F>
        <F>203</F>
        <F>49807</F>
      </Row>
      <Row index="204">
        <F>205</F>
        <F>204</F>
        <F>52451</F>
      </Row>
      <Row index="205">
        <F>206</F>
        <F>205</F>
        <F>52375</F>
      </Row>
      <Row index="206">
        <F>207</F>
        <F>206</F>
        <F>50408</F>
      </Row>
      <Row index="207">
        <F>208</F>
        <F>207</F>
        <F>48221</F>
      </Row>
      <Row index="208">
        <F>209</F>
        <F>208</F>
        <F>47385</F>
      </Row>
      <Row index="209">
        <F>210</F>
        <F>209</F>
        <F>44986</F>
      </Row>
      <Row index="210">
        <F>211</F>
        <F>210</F>
        <F>45574</F>
      </Row>
      <Row index="211">
        <F>212</F>
        <F>211</F>
        <F>44974</F>
      </Row>
      <Row index="212">
        <F>213</F>
        <F>212</F>
        <F>43411</F>
      </Row>
      <Row index="213">
        <F>214</F>
        <F>213</F>
        <F>43782</F>
      </Row>
      <Row index="214">
        <F>215</F>
        <F>214</F>
        <F>40853</F>
      </Row>
      <Row index="215">
        <F>216</F>
        <F>215</F>
        <F>38495</F>
      </Row>
      <Row index="216">
        <F>217</F>
        <F>216</F>
        <F>37489</F>
      </Row>
      <Row index="217">
        <F>218</F>
        <F>217</F>
        <F>38192</F>
      </Row>
      <Row index="218">
        <F>219</F>
        <F>218</F>
        <F>38862</F>
      </Row>
      <Row index="219">
        <F>220</F>
        <F>219</F>
        <F>38962</F>
      </Row>
      <Row index="220">
        <F>221</F>
        <F>220</F>
        <F>37786</F>
      </Row>
      <Row index="221">
        <F>222</F>
        <F>221</F>
        <F>36903</F>
      </Row>
      <Row index="222">
        <F>223</F>
        <F>222</F>
        <F>36029</F>
      </Row>
      <Row index="223">
        <F>224</F>
        <F>223</F>
        <F>35862</F>
      </Row>
      <Row index="224">
        <F>225</F>
        <F>224</F>
        <F>35061</F>
      </Row>
      <Row index="225">
        <F>226</F>
        <F>225</F>
        <F>36263</F>
      </Row>
      <Row index="226">
        <F>227</F>
        <F>226</F>
        <F>36503</F>
      </Row>
      <Row index="227">
        <F>228</F>
        <F>227</F>
        <F>33384</F>
      </Row>
      <Row index="228">
        <F>229</F>
        <F>228</F>
        <F>31942</F>
      </Row>
      <Row index="229">
        <F>230</F>
        <F>229</F>
        <F>32419</F>
      </Row>
      <Row index="230">
        <F>231</F>
        <F>230</F>
        <F>33625</F>
      </Row>
      <Row index="231">
        <F>232</F>
        <F>231</F>
        <F>35510</F>
      </Row>
      <Row index="232">
        <F>233</F>
        <F>232</F>
        <F>35551</F>
      </Row>
      <Row index="233">
        <F>234</F>
        <F>233</F>
        <F>37515</F>
      </Row>
      <Row index="234">
        <F>235</F>
        <F>234</F>
        <F>39390</F>
      </Row>
      <Row index="235">
        <F>236</F>
        <F>235</F>
        <F>42208</F>
      </Row>
      <Row index="236">
        <F>237</F>
        <F>236</F>
        <F>39702</F>
      </Row>
      <Row index="237">
        <F>238</F>
        <F>237</F>
        <F>36399</F>
      </Row>
      <Row index="238">
        <F>239</F>
        <F>238</F>
        <F>32982</F>
      </Row>
      <Row index="239">
        <F>240</F>
        <F>239</F>
        <F>31060</F>
      </Row>
      <Row index="240">
        <F>241</F>
        <F>240</F>
        <F>28272</F>
      </Row>
      <Row index="241">
        <F>242</F>
        <F>241</F>
        <F>26917</F>
      </Row>
      <Row index="242">
        <F>243</F>
        <F>242</F>
        <F>24662</F>
      </Row>
      <Row index="243">
        <F>244</F>
        <F>243</F>
        <F>24594</F>
      </Row>
      <Row index="244">
        <F>245</F>
        <F>244</F>
        <F>24294</F>
      </Row>
      <Row index="245">
        <F>246</F>
        <F>245</F>
        <F>23580</F>
      </Row>
      <Row index="246">
        <F>247</F>
        <F>246</F>
        <F>22829</F>
      </Row>
      <Row index="247">
        <F>248</F>
        <F>247</F>
        <F>23061</F>
      </Row>
      <Row index="248">
        <F>249</F>
        <F>248</F>
        <F>23073</F>
      </Row>
      <Row index="249">
        <F>250</F>
        <F>249</F>
        <F>22492</F>
      </Row>
      <Row index="250">
        <F>251</F>
        <F>250</F>
        <F>22455</F>
      </Row>
      <Row index="251">
        <F>252</F>
        <F>251</F>
        <F>22131</F>
      </Row>
      <Row index="252">
        <F>253</F>
        <F>252</F>
        <F>21304</F>
      </Row>
      <Row index="253">
        <F>254</F>
        <F>253</F>
        <F>20398</F>
      </Row>
      <Row index="254">
        <F>255</F>
        <F>254</F>
        <F>20163</F>
      </Row>
      <Row index="255">
        <F>256</F>
        <F>255</F>
        <F>20526</F>
      </Row>
      <Row index="256">
        <F>257</F>
        <F>256</F>
        <F>19547</F>
      </Row>
      <Row index="257">
        <F>258</F>
        <F>257</F>
        <F>18983</F>
      </Row>
      <Row index="258">
        <F>259</F>
        <F>258</F>
        <F>18670</F>
      </Row>
      <Row index="259">
        <F>260</F>
        <F>259</F>
        <F>18668</F>
      </Row>
      <Row index="260">
        <F>261</F>
        <F>260</F>
        <F>17074</F>
      </Row>
      <Row index="261">
        <F>262</F>
        <F>261</F>
        <F>15695</F>
      </Row>
      <Row index="262">
        <F>263</F>
        <F>262</F>
        <F>15714</F>
      </Row>
      <Row index="263">
        <F>264</F>
        <F>263</F>
        <F>15141</F>
      </Row>
      <Row index="264">
        <F>265</F>
        <F>264</F>
        <F>14837</F>
      </Row>
      <Row index="265">
        <F>266</F>
        <F>265</F>
        <F>15312</F>
      </Row>
      <Row index="266">
        <F>267</F>
        <F>266</F>
        <F>14878</F>
      </Row>
      <Row index="267">
        <F>268</F>
        <F>267</F>
        <F>14469</F>
      </Row>
      <Row index="268">
        <F>269</F>
        <F>268</F>
        <F>13365</F>
      </Row>
      <Row index="269">
        <F>270</F>
        <F>269</F>
        <F>12198</F>
      </Row>
      <Row index="270">
        <F>271</F>
        <F>270</F>
        <F>12113</F>
      </Row>
      <Row index="271">
        <F>272</F>
        <F>271</F>
        <F>12224</F>
      </Row>
      <Row index="272">
        <F>273</F>
        <F>272</F>
        <F>11836</F>
      </Row>
      <Row index="273">
        <F>274</F>
        <F>273</F>
        <F>11044</F>
      </Row>
      <Row index="274">
        <F>275</F>
        <F>274</F>
        <F>10537</F>
      </Row>
      <Row index="275">
        <F>276</F>
        <F>275</F>
        <F>10322</F>
      </Row>
      <Row index="276">
        <F>277</F>
        <F>276</F>
        <F>10391</F>
      </Row>
      <Row index="277">
        <F>278</F>
        <F>277</F>
        <F>10808</F>
      </Row>
      <Row index="278">
        <F>279</F>
        <F>278</F>
        <F>10250</F>
      </Row>
      <Row index="279">
        <F>280</F>
        <F>279</F>
        <F>10274</F>
      </Row>
      <Row index="280">
        <F>281</F>
        <F>280</F>
        <F>10037</F>
      </Row>
      <Row index="281">
        <F>282</F>
        <F>281</F>
        <F>9821</F>
      </Row>
      <Row index="282">
        <F>283</F>
        <F>282</F>
        <F>9822</F>
      </Row>
      <Row index="283">
        <F>284</F>
        <F>283</F>
        <F>9097</F>
      </Row>
      <Row index="284">
        <F>285</F>
        <F>284</F>
        <F>8370</F>
      </Row>
      <Row index="285">
        <F>286</F>
        <F>285</F>
        <F>8136</F>
      </Row>
      <Row index="286">
        <F>287</F>
        <F>286</F>
        <F>8271</F>
      </Row>
      <Row index="287">
        <F>288</F>
        <F>287</F>
        <F>8290</F>
      </Row>
      <Row index="288">
        <F>289</F>
        <F>288</F>
        <F>7875</F>
      </Row>
      <Row index="289">
        <F>290</F>
        <F>289</F>
        <F>7528</F>
      </Row>
      <Row index="290">
        <F>291</F>
        <F>290</F>
        <F>7159</F>
      </Row>
      <Row index="291">
        <F>292</F>
        <F>291</F>
        <F>7142</F>
      </Row>
      <Row index="292">
        <F>293</F>
        <F>292</F>
        <F>7333</F>
      </Row>
      <Row index="293">
        <F>294</F>
        <F>293</F>
        <F>7128</F>
      </Row>
      <Row index="294">
        <F>295</F>
        <F>294</F>
        <F>7492</F>
      </Row>
      <Row index="295">
        <F>296</F>
        <F>295</F>
        <F>8025</F>
      </Row>
      <Row index="296">
        <F>297</F>
        <F>296</F>
        <F>8223</F>
      </Row>
      <Row index="297">
        <F>298</F>
        <F>297</F>
        <F>7470</F>
      </Row>
      <Row index="298">
        <F>299</F>
        <F>298</F>
        <F>6771</F>
      </Row>
      <Row index="299">
        <F>300</F>
        <F>299</F>
        <F>6453</F>
      </Row>
      <Row index="300">
        <F>301</F>
        <F>300</F>
        <F>6518</F>
      </Row>
      <Row index="301">
        <F>302</F>
        <F>301</F>
        <F>6436</F>
      </Row>
      <Row index="302">
        <F>303</F>
        <F>302</F>
        <F>6034</F>
      </Row>
      <Row index="303">
        <F>304</F>
        <F>303</F>
        <F>6040</F>
      </Row>
      <Row index="304">
        <F>305</F>
        <F>304</F>
        <F>5888</F>
      </Row>
      <Row index="305">
        <F>306</F>
        <F>305</F>
        <F>5984</F>
      </Row>
      <Row index="306">
        <F>307</F>
        <F>306</F>
        <F>5932</F>
      </Row>
      <Row index="307">
        <F>308</F>
        <F>307</F>
        <F>5872</F>
      </Row>
      <Row index="308">
        <F>309</F>
        <F>308</F>
        <F>5236</F>
      </Row>
      <Row index="309">
        <F>310</F>
        <F>309</F>
        <F>5011</F>
      </Row>
      <Row index="310">
        <F>311</F>
        <F>310</F>
        <F>4983</F>
      </Row>
      <Row index="311">
        <F>312</F>
        <F>311</F>
        <F>4955</F>
      </Row>
      <Row index="312">
        <F>313</F>
        <F>312</F>
        <F>4851</F>
      </Row>
      <Row index="313">
        <F>314</F>
        <F>313</F>
        <F>4672</F>
      </Row>
      <Row index="314">
        <F>315</F>
        <F>314</F>
        <F>4544</F>
      </Row>
      <Row index="315">
        <F>316</F>
        <F>315</F>
        <F>4522</F>
      </Row>
      <Row index="316">
        <F>317</F>
        <F>316</F>
        <F>4637</F>
      </Row>
      <Row index="317">
        <F>318</F>
        <F>317</F>
        <F>4617</F>
      </Row>
      <Row index="318">
        <F>319</F>
        <F>318</F>
        <F>4529</F>
      </Row>
      <Row index="319">
        <F>320</F>
        <F>319</F>
        <F>4398</F>
      </Row>
      <Row index="320">
        <F>321</F>
        <F>320</F>
        <F>4269</F>
      </Row>
      <Row index="321">
        <F>322</F>
        <F>321</F>
        <F>4263</F>
      </Row>
      <Row index="322">
        <F>323</F>
        <F>322</F>
        <F>4303</F>
      </Row>
      <Row index="323">
        <F>324</F>
        <F>323</F>
        <F>4402</F>
      </Row>
      <Row index="324">
        <F>325</F>
        <F>324</F>
        <F>4296</F>
      </Row>
      <Row index="325">
        <F>326</F>
        <F>325</F>
        <F>4327</F>
      </Row>
      <Row index="326">
        <F>327</F>
        <F>326</F>
        <F>4177</F>
      </Row>
      <Row index="327">
        <F>328</F>
        <F>327</F>
        <F>4348</F>
      </Row>
      <Row index="328">
        <F>329</F>
        <F>328</F>
        <F>4369</F>
      </Row>
      <Row index="329">
        <F>330</F>
        <F>329</F>
        <F>4480</F>
      </Row>
      <Row index="330">
        <F>331</F>
        <F>330</F>
        <F>4380</F>
      </Row>
      <Row index="331">
        <F>332</F>
        <F>331</F>
        <F>4669</F>
      </Row>
      <Row index="332">
        <F>333</F>
        <F>332</F>
        <F>4799</F>
      </Row>
      <Row index="333">
        <F>334</F>
        <F>333</F>
        <F>4145</F>
      </Row>
      <Row index="334">
        <F>335</F>
        <F>334</F>
        <F>3713</F>
      </Row>
      <Row index="335">
        <F>336</F>
        <F>335</F>
        <F>3817</F>
      </Row>
      <Row index="336">
        <F>337</F>
        <F>336</F>
        <F>3631</F>
      </Row>
      <Row index="337">
        <F>338</F>
        <F>337</F>
        <F>3584</F>
      </Row>
      <Row index="338">
        <F>339</F>
        <F>338</F>
        <F>3544</F>
      </Row>
      <Row index="339">
        <F>340</F>
        <F>339</F>
        <F>3549</F>
      </Row>
      <Row index="340">
        <F>341</F>
        <F>340</F>
        <F>3407</F>
      </Row>
      <Row index="341">
        <F>342</F>
        <F>341</F>
        <F>3439</F>
      </Row>
      <Row index="342">
        <F>343</F>
        <F>342</F>
        <F>3288</F>
      </Row>
      <Row index="343">
        <F>344</F>
        <F>343</F>
        <F>3299</F>
      </Row>
      <Row index="344">
        <F>345</F>
        <F>344</F>
        <F>3234</F>
      </Row>
      <Row index="345">
        <F>346</F>
        <F>345</F>
        <F>3321</F>
      </Row>
      <Row index="346">
        <F>347</F>
        <F>346</F>
        <F>3543</F>
      </Row>
      <Row index="347">
        <F>348</F>
        <F>347</F>
        <F>3528</F>
      </Row>
      <Row index="348">
        <F>349</F>
        <F>348</F>
        <F>3445</F>
      </Row>
      <Row index="349">
        <F>350</F>
        <F>349</F>
        <F>3361</F>
      </Row>
      <Row index="350">
        <F>351</F>
        <F>350</F>
        <F>3380</F>
      </Row>
      <Row index="351">
        <F>352</F>
        <F>351</F>
        <F>3368</F>
      </Row>
      <Row index="352">
        <F>353</F>
        <F>352</F>
        <F>3234</F>
      </Row>
      <Row index="353">
        <F>354</F>
        <F>353</F>
        <F>2999</F>
      </Row>
      <Row index="354">
        <F>355</F>
        <F>354</F>
        <F>3049</F>
      </Row>
      <Row index="355">
        <F>356</F>
        <F>355</F>
        <F>2872</F>
      </Row>
      <Row index="356">
        <F>357</F>
        <F>356</F>
        <F>2974</F>
      </Row>
      <Row index="357">
        <F>358</F>
        <F>357</F>
        <F>2830</F>
      </Row>
      <Row index="358">
        <F>359</F>
        <F>358</F>
        <F>2777</F>
      </Row>
      <Row index="359">
        <F>360</F>
        <F>359</F>
        <F>2737</F>
      </Row>
      <Row index="360">
        <F>361</F>
        <F>360</F>
        <F>2644</F>
      </Row>
      <Row index="361">
        <F>362</F>
        <F>361</F>
        <F>2568</F>
      </Row>
      <Row index="362">
        <F>363</F>
        <F>362</F>
        <F>2596</F>
      </Row>
      <Row index="363">
        <F>364</F>
        <F>363</F>
        <F>2525</F>
      </Row>
      <Row index="364">
        <F>365</F>
        <F>364</F>
        <F>2477</F>
      </Row>
      <Row index="365">
        <F>366</F>
        <F>365</F>
        <F>2471</F>
      </Row>
      <Row index="366">
        <F>367</F>
        <F>366</F>
        <F>2484</F>
      </Row>
      <Row index="367">
        <F>368</F>
        <F>367</F>
        <F>2395</F>
      </Row>
      <Row index="368">
        <F>369</F>
        <F>368</F>
        <F>2415</F>
      </Row>
      <Row index="369">
        <F>370</F>
        <F>369</F>
        <F>2391</F>
      </Row>
      <Row index="370">
        <F>371</F>
        <F>370</F>
        <F>2413</F>
      </Row>
      <Row index="371">
        <F>372</F>
        <F>371</F>
        <F>2411</F>
      </Row>
      <Row index="372">
        <F>373</F>
        <F>372</F>
        <F>2414</F>
      </Row>
      <Row index="373">
        <F>374</F>
        <F>373</F>
        <F>2377</F>
      </Row>
      <Row index="374">
        <F>375</F>
        <F>374</F>
        <F>2333</F>
      </Row>
      <Row index="375">
        <F>376</F>
        <F>375</F>
        <F>2279</F>
      </Row>
      <Row index="376">
        <F>377</F>
        <F>376</F>
        <F>2309</F>
      </Row>
      <Row index="377">
        <F>378</F>
        <F>377</F>
        <F>2477</F>
      </Row>
      <Row index="378">
        <F>379</F>
        <F>378</F>
        <F>2524</F>
      </Row>
      <Row index="379">
        <F>380</F>
        <F>379</F>
        <F>2561</F>
      </Row>
      <Row index="380">
        <F>381</F>
        <F>380</F>
        <F>2527</F>
      </Row>
      <Row index="381">
        <F>382</F>
        <F>381</F>
        <F>2639</F>
      </Row>
      <Row index="382">
        <F>383</F>
        <F>382</F>
        <F>2627</F>
      </Row>
      <Row index="383">
        <F>384</F>
        <F>383</F>
        <F>2705</F>
      </Row>
      <Row index="384">
        <F>385</F>
        <F>384</F>
        <F>2782</F>
      </Row>
      <Row index="385">
        <F>386</F>
        <F>385</F>
        <F>2735</F>
      </Row>
      <Row index="386">
        <F>387</F>
        <F>386</F>
        <F>2764</F>
      </Row>
      <Row index="387">
        <F>388</F>
        <F>387</F>
        <F>2778</F>
      </Row>
      <Row index="388">
        <F>389</F>
        <F>388</F>
        <F>2884</F>
      </Row>
      <Row index="389">
        <F>390</F>
        <F>389</F>
        <F>2911</F>
      </Row>
      <Row index="390">
        <F>391</F>
        <F>390</F>
        <F>2845</F>
      </Row>
      <Row index="391">
        <F>392</F>
        <F>391</F>
        <F>2841</F>
      </Row>
      <Row index="392">
        <F>393</F>
        <F>392</F>
        <F>2783</F>
      </Row>
      <Row index="393">
        <F>394</F>
        <F>393</F>
        <F>2830</F>
      </Row>
      <Row index="394">
        <F>395</F>
        <F>394</F>
        <F>2715</F>
      </Row>
      <Row index="395">
        <F>396</F>
        <F>395</F>
        <F>2816</F>
      </Row>
      <Row index="396">
        <F>397</F>
        <F>396</F>
        <F>2857</F>
      </Row>
      <Row index="397">
        <F>398</F>
        <F>397</F>
        <F>2675</F>
      </Row>
      <Row index="398">
        <F>399</F>
        <F>398</F>
        <F>2741</F>
      </Row>
      <Row index="399">
        <F>400</F>
        <F>399</F>
        <F>2653</F>
      </Row>
      <Row index="400">
        <F>401</F>
        <F>400</F>
        <F>2665</F>
      </Row>
      <Row index="401">
        <F>402</F>
        <F>401</F>
        <F>2629</F>
      </Row>
      <Row index="402">
        <F>403</F>
        <F>402</F>
        <F>2563</F>
      </Row>
      <Row index="403">
        <F>404</F>
        <F>403</F>
        <F>2490</F>
      </Row>
      <Row index="404">
        <F>405</F>
        <F>404</F>
        <F>2478</F>
      </Row>
      <Row index="405">
        <F>406</F>
        <F>405</F>
        <F>2536</F>
      </Row>
      <Row index="406">
        <F>407</F>
        <F>406</F>
        <F>2537</F>
      </Row>
      <Row index="407">
        <F>408</F>
        <F>407</F>
        <F>2550</F>
      </Row>
      <Row index="408">
        <F>409</F>
        <F>408</F>
        <F>2674</F>
      </Row>
      <Row index="409">
        <F>410</F>
        <F>409</F>
        <F>2660</F>
      </Row>
      <Row index="410">
        <F>411</F>
        <F>410</F>
        <F>2626</F>
      </Row>
      <Row index="411">
        <F>412</F>
        <F>411</F>
        <F>2460</F>
      </Row>
      <Row index="412">
        <F>413</F>
        <F>412</F>
        <F>2411</F>
      </Row>
      <Row index="413">
        <F>414</F>
        <F>413</F>
        <F>2462</F>
      </Row>
      <Row index="414">
        <F>415</F>
        <F>414</F>
        <F>2476</F>
      </Row>
      <Row index="415">
        <F>416</F>
        <F>415</F>
        <F>2447</F>
      </Row>
      <Row index="416">
        <F>417</F>
        <F>416</F>
        <F>2519</F>
      </Row>
      <Row index="417">
        <F>418</F>
        <F>417</F>
        <F>2444</F>
      </Row>
      <Row index="418">
        <F>419</F>
        <F>418</F>
        <F>2407</F>
      </Row>
      <Row index="419">
        <F>420</F>
        <F>419</F>
        <F>2275</F>
      </Row>
      <Row index="420">
        <F>421</F>
        <F>420</F>
        <F>2203</F>
      </Row>
      <Row index="421">
        <F>422</F>
        <F>421</F>
        <F>2251</F>
      </Row>
      <Row index="422">
        <F>423</F>
        <F>422</F>
        <F>2353</F>
      </Row>
      <Row index="423">
        <F>424</F>
        <F>423</F>
        <F>2302</F>
      </Row>
      <Row index="424">
        <F>425</F>
        <F>424</F>
        <F>2349</F>
      </Row>
      <Row index="425">
        <F>426</F>
        <F>425</F>
        <F>2545</F>
      </Row>
      <Row index="426">
        <F>427</F>
        <F>426</F>
        <F>2404</F>
      </Row>
      <Row index="427">
        <F>428</F>
        <F>427</F>
        <F>2419</F>
      </Row>
      <Row index="428">
        <F>429</F>
        <F>428</F>
        <F>2458</F>
      </Row>
      <Row index="429">
        <F>430</F>
        <F>429</F>
        <F>2448</F>
      </Row>
      <Row index="430">
        <F>431</F>
        <F>430</F>
        <F>2392</F>
      </Row>
      <Row index="431">
        <F>432</F>
        <F>431</F>
        <F>2455</F>
      </Row>
      <Row index="432">
        <F>433</F>
        <F>432</F>
        <F>2383</F>
      </Row>
      <Row index="433">
        <F>434</F>
        <F>433</F>
        <F>2372</F>
      </Row>
      <Row index="434">
        <F>435</F>
        <F>434</F>
        <F>2479</F>
      </Row>
      <Row index="435">
        <F>436</F>
        <F>435</F>
        <F>2394</F>
      </Row>
      <Row index="436">
        <F>437</F>
        <F>436</F>
        <F>2362</F>
      </Row>
      <Row index="437">
        <F>438</F>
        <F>437</F>
        <F>2433</F>
      </Row>
      <Row index="438">
        <F>439</F>
        <F>438</F>
        <F>2368</F>
      </Row>
      <Row index="439">
        <F>440</F>
        <F>439</F>
        <F>2340</F>
      </Row>
      <Row index="440">
        <F>441</F>
        <F>440</F>
        <F>2305</F>
      </Row>
      <Row index="441">
        <F>442</F>
        <F>441</F>
        <F>2441</F>
      </Row>
      <Row index="442">
        <F>443</F>
        <F>442</F>
        <F>2343</F>
      </Row>
      <Row index="443">
        <F>444</F>
        <F>443</F>
        <F>2291</F>
      </Row>
      <Row index="444">
        <F>445</F>
        <F>444</F>
        <F>2219</F>
      </Row>
      <Row index="445">
        <F>446</F>
        <F>445</F>
        <F>2184</F>
      </Row>
      <Row index="446">
        <F>447</F>
        <F>446</F>
        <F>2173</F>
      </Row>
      <Row index="447">
        <F>448</F>
        <F>447</F>
        <F>2256</F>
      </Row>
      <Row index="448">
        <F>449</F>
        <F>448</F>
        <F>2347</F>
      </Row>
      <Row index="449">
        <F>450</F>
        <F>449</F>
        <F>2423</F>
      </Row>
      <Row index="450">
        <F>451</F>
        <F>450</F>
        <F>2535</F>
      </Row>
      <Row index="451">
        <F>452</F>
        <F>451</F>
        <F>2379</F>
      </Row>
      <Row index="452">
        <F>453</F>
        <F>452</F>
        <F>2269</F>
      </Row>
      <Row index="453">
        <F>454</F>
        <F>453</F>
        <F>2198</F>
      </Row>
      <Row index="454">
        <F>455</F>
        <F>454</F>
        <F>2123</F>
      </Row>
      <Row index="455">
        <F>456</F>
        <F>455</F>
        <F>2123</F>
      </Row>
      <Row index="456">
        <F>457</F>
        <F>456</F>
        <F>2057</F>
      </Row>
      <Row index="457">
        <F>458</F>
        <F>457</F>
        <F>2021</F>
      </Row>
      <Row index="458">
        <F>459</F>
        <F>458</F>
        <F>2217</F>
      </Row>
      <Row index="459">
        <F>460</F>
        <F>459</F>
        <F>2306</F>
      </Row>
      <Row index="460">
        <F>461</F>
        <F>460</F>
        <F>2364</F>
      </Row>
      <Row index="461">
        <F>462</F>
        <F>461</F>
        <F>1985</F>
      </Row>
      <Row index="462">
        <F>463</F>
        <F>462</F>
        <F>1896</F>
      </Row>
      <Row index="463">
        <F>464</F>
        <F>463</F>
        <F>1883</F>
      </Row>
      <Row index="464">
        <F>465</F>
        <F>464</F>
        <F>1852</F>
      </Row>
      <Row index="465">
        <F>466</F>
        <F>465</F>
        <F>1870</F>
      </Row>
      <Row index="466">
        <F>467</F>
        <F>466</F>
        <F>1931</F>
      </Row>
      <Row index="467">
        <F>468</F>
        <F>467</F>
        <F>1859</F>
      </Row>
      <Row index="468">
        <F>469</F>
        <F>468</F>
        <F>1905</F>
      </Row>
      <Row index="469">
        <F>470</F>
        <F>469</F>
        <F>1832</F>
      </Row>
      <Row index="470">
        <F>471</F>
        <F>470</F>
        <F>1739</F>
      </Row>
      <Row index="471">
        <F>472</F>
        <F>471</F>
        <F>1799</F>
      </Row>
      <Row index="472">
        <F>473</F>
        <F>472</F>
        <F>1777</F>
      </Row>
      <Row index="473">
        <F>474</F>
        <F>473</F>
        <F>1728</F>
      </Row>
      <Row index="474">
        <F>475</F>
        <F>474</F>
        <F>1754</F>
      </Row>
      <Row index="475">
        <F>476</F>
        <F>475</F>
        <F>1690</F>
      </Row>
      <Row index="476">
        <F>477</F>
        <F>476</F>
        <F>1650</F>
      </Row>
      <Row index="477">
        <F>478</F>
        <F>477</F>
        <F>1686</F>
      </Row>
      <Row index="478">
        <F>479</F>
        <F>478</F>
        <F>1663</F>
      </Row>
      <Row index="479">
        <F>480</F>
        <F>479</F>
        <F>1566</F>
      </Row>
      <Row index="480">
        <F>481</F>
        <F>480</F>
        <F>1644</F>
      </Row>
      <Row index="481">
        <F>482</F>
        <F>481</F>
        <F>1554</F>
      </Row>
      <Row index="482">
        <F>483</F>
        <F>482</F>
        <F>1513</F>
      </Row>
      <Row index="483">
        <F>484</F>
        <F>483</F>
        <F>1449</F>
      </Row>
      <Row index="484">
        <F>485</F>
        <F>484</F>
        <F>1417</F>
      </Row>
      <Row index="485">
        <F>486</F>
        <F>485</F>
        <F>1465</F>
      </Row>
      <Row index="486">
        <F>487</F>
        <F>486</F>
        <F>1405</F>
      </Row>
      <Row index="487">
        <F>488</F>
        <F>487</F>
        <F>1385</F>
      </Row>
      <Row index="488">
        <F>489</F>
        <F>488</F>
        <F>1386</F>
      </Row>
      <Row index="489">
        <F>490</F>
        <F>489</F>
        <F>1431</F>
      </Row>
      <Row index="490">
        <F>491</F>
        <F>490</F>
        <F>1458</F>
      </Row>
      <Row index="491">
        <F>492</F>
        <F>491</F>
        <F>1489</F>
      </Row>
      <Row index="492">
        <F>493</F>
        <F>492</F>
        <F>1554</F>
      </Row>
      <Row index="493">
        <F>494</F>
        <F>493</F>
        <F>1559</F>
      </Row>
      <Row index="494">
        <F>495</F>
        <F>494</F>
        <F>1649</F>
      </Row>
      <Row index="495">
        <F>496</F>
        <F>495</F>
        <F>1751</F>
      </Row>
      <Row index="496">
        <F>497</F>
        <F>496</F>
        <F>1459</F>
      </Row>
      <Row index="497">
        <F>498</F>
        <F>497</F>
        <F>1392</F>
      </Row>
      <Row index="498">
        <F>499</F>
        <F>498</F>
        <F>1237</F>
      </Row>
      <Row index="499">
        <F>500</F>
        <F>499</F>
        <F>1235</F>
      </Row>
      <Row index="500">
        <F>501</F>
        <F>500</F>
        <F>1162</F>
      </Row>
      <Row index="501">
        <F>502</F>
        <F>501</F>
        <F>1052</F>
      </Row>
      <Row index="502">
        <F>503</F>
        <F>502</F>
        <F>996</F>
      </Row>
      <Row index="503">
        <F>504</F>
        <F>503</F>
        <F>957</F>
      </Row>
      <Row index="504">
        <F>505</F>
        <F>504</F>
        <F>920</F>
      </Row>
      <Row index="505">
        <F>506</F>
        <F>505</F>
        <F>930</F>
      </Row>
      <Row index="506">
        <F>507</F>
        <F>506</F>
        <F>896</F>
      </Row>
      <Row index="507">
        <F>508</F>
        <F>507</F>
        <F>908</F>
      </Row>
      <Row index="508">
        <F>509</F>
        <F>508</F>
        <F>883</F>
      </Row>
      <Row index="509">
        <F>510</F>
        <F>509</F>
        <F>844</F>
      </Row>
      <Row index="510">
        <F>511</F>
        <F>510</F>
        <F>812</F>
      </Row>
      <Row index="511">
        <F>512</F>
        <F>511</F>
        <F>808</F>
      </Row>
      <Row index="512">
        <F>513</F>
        <F>512</F>
        <F>745</F>
      </Row>
      <Row index="513">
        <F>514</F>
        <F>513</F>
        <F>755</F>
      </Row>
      <Row index="514">
        <F>515</F>
        <F>514</F>
        <F>723</F>
      </Row>
      <Row index="515">
        <F>516</F>
        <F>515</F>
        <F>745</F>
      </Row>
      <Row index="516">
        <F>517</F>
        <F>516</F>
        <F>746</F>
      </Row>
      <Row index="517">
        <F>518</F>
        <F>517</F>
        <F>721</F>
      </Row>
      <Row index="518">
        <F>519</F>
        <F>518</F>
        <F>690</F>
      </Row>
      <Row index="519">
        <F>520</F>
        <F>519</F>
        <F>692</F>
      </Row>
      <Row index="520">
        <F>521</F>
        <F>520</F>
        <F>692</F>
      </Row>
      <Row index="521">
        <F>522</F>
        <F>521</F>
        <F>697</F>
      </Row>
      <Row index="522">
        <F>523</F>
        <F>522</F>
        <F>673</F>
      </Row>
      <Row index="523">
        <F>524</F>
        <F>523</F>
        <F>627</F>
      </Row>
      <Row index="524">
        <F>525</F>
        <F>524</F>
        <F>620</F>
      </Row>
      <Row index="525">
        <F>526</F>
        <F>525</F>
        <F>615</F>
      </Row>
      <Row index="526">
        <F>527</F>
        <F>526</F>
        <F>606</F>
      </Row>
      <Row index="527">
        <F>528</F>
        <F>527</F>
        <F>606</F>
      </Row>
      <Row index="528">
        <F>529</F>
        <F>528</F>
        <F>594</F>
      </Row>
      <Row index="529">
        <F>530</F>
        <F>529</F>
        <F>573</F>
      </Row>
      <Row index="530">
        <F>531</F>
        <F>530</F>
        <F>616</F>
      </Row>
      <Row index="531">
        <F>532</F>
        <F>531</F>
        <F>593</F>
      </Row>
      <Row index="532">
        <F>533</F>
        <F>532</F>
        <F>547</F>
      </Row>
      <Row index="533">
        <F>534</F>
        <F>533</F>
        <F>564</F>
      </Row>
      <Row index="534">
        <F>535</F>
        <F>534</F>
        <F>589</F>
      </Row>
      <Row index="535">
        <F>536</F>
        <F>535</F>
        <F>591</F>
      </Row>
      <Row index="536">
        <F>537</F>
        <F>536</F>
        <F>557</F>
      </Row>
      <Row index="537">
        <F>538</F>
        <F>537</F>
        <F>579</F>
      </Row>
      <Row index="538">
        <F>539</F>
        <F>538</F>
        <F>558</F>
      </Row>
      <Row index="539">
        <F>540</F>
        <F>539</F>
        <F>600</F>
      </Row>
      <Row index="540">
        <F>541</F>
        <F>540</F>
        <F>602</F>
      </Row>
      <Row index="541">
        <F>542</F>
        <F>541</F>
        <F>558</F>
      </Row>
      <Row index="542">
        <F>543</F>
        <F>542</F>
        <F>688</F>
      </Row>
      <Row index="543">
        <F>544</F>
        <F>543</F>
        <F>709</F>
      </Row>
      <Row index="544">
        <F>545</F>
        <F>544</F>
        <F>599</F>
      </Row>
      <Row index="545">
        <F>546</F>
        <F>545</F>
        <F>434</F>
      </Row>
      <Row index="546">
        <F>547</F>
        <F>546</F>
        <F>425</F>
      </Row>
      <Row index="547">
        <F>548</F>
        <F>547</F>
        <F>393</F>
      </Row>
      <Row index="548">
        <F>549</F>
        <F>548</F>
        <F>389</F>
      </Row>
      <Row index="549">
        <F>550</F>
        <F>549</F>
        <F>384</F>
      </Row>
      <Row index="550">
        <F>551</F>
        <F>550</F>
        <F>387</F>
      </Row>
      <Row index="551">
        <F>552</F>
        <F>551</F>
        <F>393</F>
      </Row>
      <Row index="552">
        <F>553</F>
        <F>552</F>
        <F>402</F>
      </Row>
      <Row index="553">
        <F>554</F>
        <F>553</F>
        <F>362</F>
      </Row>
      <Row index="554">
        <F>555</F>
        <F>554</F>
        <F>390</F>
      </Row>
      <Row index="555">
        <F>556</F>
        <F>555</F>
        <F>399</F>
      </Row>
      <Row index="556">
        <F>557</F>
        <F>556</F>
        <F>363</F>
      </Row>
      <Row index="557">
        <F>558</F>
        <F>557</F>
        <F>404</F>
      </Row>
      <Row index="558">
        <F>559</F>
        <F>558</F>
        <F>406</F>
      </Row>
      <Row index="559">
        <F>560</F>
        <F>559</F>
        <F>401</F>
      </Row>
      <Row index="560">
        <F>561</F>
        <F>560</F>
        <F>364</F>
      </Row>
      <Row index="561">
        <F>562</F>
        <F>561</F>
        <F>385</F>
      </Row>
      <Row index="562">
        <F>563</F>
        <F>562</F>
        <F>388</F>
      </Row>
      <Row index="563">
        <F>564</F>
        <F>563</F>
        <F>372</F>
      </Row>
      <Row index="564">
        <F>565</F>
        <F>564</F>
        <F>379</F>
      </Row>
      <Row index="565">
        <F>566</F>
        <F>565</F>
        <F>407</F>
      </Row>
      <Row index="566">
        <F>567</F>
        <F>566</F>
        <F>367</F>
      </Row>
      <Row index="567">
        <F>568</F>
        <F>567</F>
        <F>393</F>
      </Row>
      <Row index="568">
        <F>569</F>
        <F>568</F>
        <F>349</F>
      </Row>
      <Row index="569">
        <F>570</F>
        <F>569</F>
        <F>369</F>
      </Row>
      <Row index="570">
        <F>571</F>
        <F>570</F>
        <F>355</F>
      </Row>
      <Row index="571">
        <F>572</F>
        <F>571</F>
        <F>367</F>
      </Row>
      <Row index="572">
        <F>573</F>
        <F>572</F>
        <F>378</F>
      </Row>
      <Row index="573">
        <F>574</F>
        <F>573</F>
        <F>372</F>
      </Row>
      <Row index="574">
        <F>575</F>
        <F>574</F>
        <F>346</F>
      </Row>
      <Row index="575">
        <F>576</F>
        <F>575</F>
        <F>388</F>
      </Row>
      <Row index="576">
        <F>577</F>
        <F>576</F>
        <F>323</F>
      </Row>
      <Row index="577">
        <F>578</F>
        <F>577</F>
        <F>372</F>
      </Row>
      <Row index="578">
        <F>579</F>
        <F>578</F>
        <F>350</F>
      </Row>
      <Row index="579">
        <F>580</F>
        <F>579</F>
        <F>361</F>
      </Row>
      <Row index="580">
        <F>581</F>
        <F>580</F>
        <F>335</F>
      </Row>
      <Row index="581">
        <F>582</F>
        <F>581</F>
        <F>323</F>
      </Row>
      <Row index="582">
        <F>583</F>
        <F>582</F>
        <F>330</F>
      </Row>
      <Row index="583">
        <F>584</F>
        <F>583</F>
        <F>323</F>
      </Row>
      <Row index="584">
        <F>585</F>
        <F>584</F>
        <F>278</F>
      </Row>
      <Row index="585">
        <F>586</F>
        <F>585</F>
        <F>302</F>
      </Row>
      <Row index="586">
        <F>587</F>
        <F>586</F>
        <F>220</F>
      </Row>
      <Row index="587">
        <F>588</F>
        <F>587</F>
        <F>250</F>
      </Row>
      <Row index="588">
        <F>589</F>
        <F>588</F>
        <F>223</F>
      </Row>
      <Row index="589">
        <F>590</F>
        <F>589</F>
        <F>246</F>
      </Row>
      <Row index="590">
        <F>591</F>
        <F>590</F>
        <F>226</F>
      </Row>
      <Row index="591">
        <F>592</F>
        <F>591</F>
        <F>233</F>
      </Row>
      <Row index="592">
        <F>593</F>
        <F>592</F>
        <F>255</F>
      </Row>
      <Row index="593">
        <F>594</F>
        <F>593</F>
        <F>209</F>
      </Row>
      <Row index="594">
        <F>595</F>
        <F>594</F>
        <F>209</F>
      </Row>
      <Row index="595">
        <F>596</F>
        <F>595</F>
        <F>182</F>
      </Row>
      <Row index="596">
        <F>597</F>
        <F>596</F>
        <F>186</F>
      </Row>
      <Row index="597">
        <F>598</F>
        <F>597</F>
        <F>203</F>
      </Row>
      <Row index="598">
        <F>599</F>
        <F>598</F>
        <F>168</F>
      </Row>
      <Row index="599">
        <F>600</F>
        <F>599</F>
        <F>179</F>
      </Row>
      <Row index="600">
        <F>601</F>
        <F>600</F>
        <F>174</F>
      </Row>
      <Row index="601">
        <F>602</F>
        <F>601</F>
        <F>191</F>
      </Row>
      <Row index="602">
        <F>603</F>
        <F>602</F>
        <F>179</F>
      </Row>
      <Row index="603">
        <F>604</F>
        <F>603</F>
        <F>185</F>
      </Row>
      <Row index="604">
        <F>605</F>
        <F>604</F>
        <F>206</F>
      </Row>
      <Row index="605">
        <F>606</F>
        <F>605</F>
        <F>192</F>
      </Row>
      <Row index="606">
        <F>607</F>
        <F>606</F>
        <F>212</F>
      </Row>
      <Row index="607">
        <F>608</F>
        <F>607</F>
        <F>223</F>
      </Row>
      <Row index="608">
        <F>609</F>
        <F>608</F>
        <F>183</F>
      </Row>
      <Row index="609">
        <F>610</F>
        <F>609</F>
        <F>156</F>
      </Row>
      <Row index="610">
        <F>611</F>
        <F>610</F>
        <F>158</F>
      </Row>
      <Row index="611">
        <F>612</F>
        <F>611</F>
        <F>161</F>
      </Row>
      <Row index="612">
        <F>613</F>
        <F>612</F>
        <F>115</F>
      </Row>
      <Row index="613">
        <F>614</F>
        <F>613</F>
        <F>109</F>
      </Row>
      <Row index="614">
        <F>615</F>
        <F>614</F>
        <F>103</F>
      </Row>
      <Row index="615">
        <F>616</F>
        <F>615</F>
        <F>115</F>
      </Row>
      <Row index="616">
        <F>617</F>
        <F>616</F>
        <F>97</F>
      </Row>
      <Row index="617">
        <F>618</F>
        <F>617</F>
        <F>104</F>
      </Row>
      <Row index="618">
        <F>619</F>
        <F>618</F>
        <F>101</F>
      </Row>
      <Row index="619">
        <F>620</F>
        <F>619</F>
        <F>97</F>
      </Row>
      <Row index="620">
        <F>621</F>
        <F>620</F>
        <F>82</F>
      </Row>
      <Row index="621">
        <F>622</F>
        <F>621</F>
        <F>100</F>
      </Row>
      <Row index="622">
        <F>623</F>
        <F>622</F>
        <F>80</F>
      </Row>
      <Row index="623">
        <F>624</F>
        <F>623</F>
        <F>102</F>
      </Row>
      <Row index="624">
        <F>625</F>
        <F>624</F>
        <F>89</F>
      </Row>
      <Row index="625">
        <F>626</F>
        <F>625</F>
        <F>103</F>
      </Row>
      <Row index="626">
        <F>627</F>
        <F>626</F>
        <F>86</F>
      </Row>
      <Row index="627">
        <F>628</F>
        <F>627</F>
        <F>88</F>
      </Row>
      <Row index="628">
        <F>629</F>
        <F>628</F>
        <F>74</F>
      </Row>
      <Row index="629">
        <F>630</F>
        <F>629</F>
        <F>87</F>
      </Row>
      <Row index="630">
        <F>631</F>
        <F>630</F>
        <F>67</F>
      </Row>
      <Row index="631">
        <F>632</F>
        <F>631</F>
        <F>81</F>
      </Row>
      <Row index="632">
        <F>633</F>
        <F>632</F>
        <F>63</F>
      </Row>
      <Row index="633">
        <F>634</F>
        <F>633</F>
        <F>67</F>
      </Row>
      <Row index="634">
        <F>635</F>
        <F>634</F>
        <F>60</F>
      </Row>
      <Row index="635">
        <F>636</F>
        <F>635</F>
        <F>59</F>
      </Row>
      <Row index="636">
        <F>637</F>
        <F>636</F>
        <F>55</F>
      </Row>
      <Row index="637">
        <F>638</F>
        <F>637</F>
        <F>56</F>
      </Row>
      <Row index="638">
        <F>639</F>
        <F>638</F>
        <F>55</F>
      </Row>
      <Row index="639">
        <F>640</F>
        <F>639</F>
        <F>53</F>
      </Row>
      <Row index="640">
        <F>641</F>
        <F>640</F>
        <F>48</F>
      </Row>
      <Row index="641">
        <F>642</F>
        <F>641</F>
        <F>41</F>
      </Row>
      <Row index="642">
        <F>643</F>
        <F>642</F>
        <F>46</F>
      </Row>
      <Row index="643">
        <F>644</F>
        <F>643</F>
        <F>38</F>
      </Row>
      <Row index="644">
        <F>645</F>
        <F>644</F>
        <F>48</F>
      </Row>
      <Row index="645">
        <F>646</F>
        <F>645</F>
        <F>39</F>
      </Row>
      <Row index="646">
        <F>647</F>
        <F>646</F>
        <F>43</F>
      </Row>
      <Row index="647">
        <F>648</F>
        <F>647</F>
        <F>36</F>
      </Row>
      <Row index="648">
        <F>649</F>
        <F>648</F>
        <F>38</F>
      </Row>
      <Row index="649">
        <F>650</F>
        <F>649</F>
        <F>31</F>
      </Row>
      <Row index="650">
        <F>651</F>
        <F>650</F>
        <F>34</F>
      </Row>
      <Row index="651">
        <F>652</F>
        <F>651</F>
        <F>34</F>
      </Row>
      <Row index="652">
        <F>653</F>
        <F>652</F>
        <F>27</F>
      </Row>
      <Row index="653">
        <F>654</F>
        <F>653</F>
        <F>29</F>
      </Row>
      <Row index="654">
        <F>655</F>
        <F>654</F>
        <F>30</F>
      </Row>
      <Row index="655">
        <F>656</F>
        <F>655</F>
        <F>39</F>
      </Row>
      <Row index="656">
        <F>657</F>
        <F>656</F>
        <F>25</F>
      </Row>
      <Row index="657">
        <F>658</F>
        <F>657</F>
        <F>35</F>
      </Row>
      <Row index="658">
        <F>659</F>
        <F>658</F>
        <F>25</F>
      </Row>
      <Row index="659">
        <F>660</F>
        <F>659</F>
        <F>33</F>
      </Row>
      <Row index="660">
        <F>661</F>
        <F>660</F>
        <F>25</F>
      </Row>
      <Row index="661">
        <F>662</F>
        <F>661</F>
        <F>27</F>
      </Row>
      <Row index="662">
        <F>663</F>
        <F>662</F>
        <F>23</F>
      </Row>
      <Row index="663">
        <F>664</F>
        <F>663</F>
        <F>27</F>
      </Row>
      <Row index="664">
        <F>665</F>
        <F>664</F>
        <F>26</F>
      </Row>
      <Row index="665">
        <F>666</F>
        <F>665</F>
        <F>23</F>
      </Row>
      <Row index="666">
        <F>667</F>
        <F>666</F>
        <F>25</F>
      </Row>
      <Row index="667">
        <F>668</F>
        <F>667</F>
        <F>26</F>
      </Row>
      <Row index="668">
        <F>669</F>
        <F>668</F>
        <F>20</F>
      </Row>
      <Row index="669">
        <F>670</F>
        <F>669</F>
        <F>22</F>
      </Row>
      <Row index="670">
        <F>671</F>
        <F>670</F>
        <F>22</F>
      </Row>
      <Row index="671">
        <F>672</F>
        <F>671</F>
        <F>25</F>
      </Row>
      <Row index="672">
        <F>673</F>
        <F>672</F>
        <F>20</F>
      </Row>
      <Row index="673">
        <F>674</F>
        <F>673</F>
        <F>22</F>
      </Row>
      <Row index="674">
        <F>675</F>
        <F>674</F>
        <F>20</F>
      </Row>
      <Row index="675">
        <F>676</F>
        <F>675</F>
        <F>21</F>
      </Row>
      <Row index="676">
        <F>677</F>
        <F>676</F>
        <F>18</F>
      </Row>
      <Row index="677">
        <F>678</F>
        <F>677</F>
        <F>19</F>
      </Row>
      <Row index="678">
        <F>679</F>
        <F>678</F>
        <F>20</F>
      </Row>
      <Row index="679">
        <F>680</F>
        <F>679</F>
        <F>17</F>
      </Row>
      <Row index="680">
        <F>681</F>
        <F>680</F>
        <F>22</F>
      </Row>
      <Row index="681">
        <F>682</F>
        <F>681</F>
        <F>13</F>
      </Row>
      <Row index="682">
        <F>683</F>
        <F>682</F>
        <F>14</F>
      </Row>
      <Row index="683">
        <F>684</F>
        <F>683</F>
        <F>15</F>
      </Row>
      <Row index="684">
        <F>685</F>
        <F>684</F>
        <F>16</F>
      </Row>
      <Row index="685">
        <F>686</F>
        <F>685</F>
        <F>11</F>
      </Row>
      <Row index="686">
        <F>687</F>
        <F>686</F>
        <F>18</F>
      </Row>
      <Row index="687">
        <F>688</F>
        <F>687</F>
        <F>10</F>
      </Row>
      <Row index="688">
        <F>689</F>
        <F>688</F>
        <F>16</F>
      </Row>
      <Row index="689">
        <F>690</F>
        <F>689</F>
        <F>8</F>
      </Row>
      <Row index="690">
        <F>691</F>
        <F>690</F>
        <F>15</F>
      </Row>
      <Row index="691">
        <F>692</F>
        <F>691</F>
        <F>11</F>
      </Row>
      <Row index="692">
        <F>693</F>
        <F>692</F>
        <F>11</F>
      </Row>
      <Row index="693">
        <F>694</F>
        <F>693</F>
        <F>9</F>
      </Row>
      <Row index="694">
        <F>695</F>
        <F>694</F>
        <F>18</F>
      </Row>
      <Row index="695">
        <F>696</F>
        <F>695</F>
        <F>11</F>
      </Row>
      <Row index="696">
        <F>697</F>
        <F>696</F>
        <F>14</F>
      </Row>
      <Row index="697">
        <F>698</F>
        <F>697</F>
        <F>11</F>
      </Row>
      <Row index="698">
        <F>699</F>
        <F>698</F>
        <F>13</F>
      </Row>
      <Row index="699">
        <F>700</F>
        <F>699</F>
        <F>12</F>
      </Row>
      <Row index="700">
        <F>701</F>
        <F>700</F>
        <F>9</F>
      </Row>
      <Row index="701">
        <F>702</F>
        <F>701</F>
        <F>11</F>
      </Row>
      <Row index="702">
        <F>703</F>
        <F>702</F>
        <F>8</F>
      </Row>
      <Row index="703">
        <F>704</F>
        <F>703</F>
        <F>12</F>
      </Row>
      <Row index="704">
        <F>705</F>
        <F>704</F>
        <F>8</F>
      </Row>
      <Row index="705">
        <F>706</F>
        <F>705</F>
        <F>11</F>
      </Row>
      <Row index="706">
        <F>707</F>
        <F>706</F>
        <F>9</F>
      </Row>
      <Row index="707">
        <F>708</F>
        <F>707</F>
        <F>15</F>
      </Row>
      <Row index="708">
        <F>709</F>
        <F>708</F>
        <F>11</F>
      </Row>
      <Row index="709">
        <F>710</F>
        <F>709</F>
        <F>5</F>
      </Row>
      <Row index="710">
        <F>711</F>
        <F>710</F>
        <F>9</F>
      </Row>
      <Row index="711">
        <F>712</F>
        <F>711</F>
        <F>11</F>
      </Row>
      <Row index="712">
        <F>713</F>
        <F>712</F>
        <F>9</F>
      </Row>
      <Row index="713">
        <F>714</F>
        <F>713</F>
        <F>3</F>
      </Row>
      <Row index="714">
        <F>715</F>
        <F>714</F>
        <F>8</F>
      </Row>
      <Row index="715">
        <F>716</F>
        <F>715</F>
        <F>3</F>
      </Row>
      <Row index="716">
        <F>717</F>
        <F>716</F>
        <F>2</F>
      </Row>
      <Row index="717">
        <F>718</F>
        <F>717</F>
        <F>2</F>
      </Row>
      <Row index="718">
        <F>719</F>
        <F>718</F>
        <F>4</F>
      </Row>
      <Row index="719">
        <F>720</F>
        <F>719</F>
        <F>5</F>
      </Row>
      <Row index="720">
        <F>721</F>
        <F>720</F>
        <F>5</F>
      </Row>
      <Row index="721">
        <F>722</F>
        <F>721</F>
        <F>1</F>
      </Row>
      <Row index="722">
        <F>723</F>
        <F>722</F>
        <F>2</F>
      </Row>
      <Row index="723">
        <F>724</F>
        <F>723</F>
        <F>1</F>
      </Row>
      <Row index="724">
        <F>725</F>
        <F>724</F>
        <F>2</F>
      </Row>
      <Row index="725">
        <F>726</F>
        <F>725</F>
        <F>3</F>
      </Row>
      <Row index="726">
        <F>727</F>
        <F>726</F>
        <F>4</F>
      </Row>
      <Row index="727">
        <F>728</F>
        <F>728</F>
        <F>4</F>
      </Row>
      <Row index="728">
        <F>729</F>
        <F>729</F>
        <F>3</F>
      </Row>
      <Row index="729">
        <F>730</F>
        <F>730</F>
        <F>2</F>
      </Row>
      <Row index="730">
        <F>731</F>
        <F>732</F>
        <F>2</F>
      </Row>
      <Row index="731">
        <F>732</F>
        <F>733</F>
        <F>2</F>
      </Row>
      <Row index="732">
        <F>733</F>
        <F>734</F>
        <F>1</F>
      </Row>
      <Row index="733">
        <F>734</F>
        <F>735</F>
        <F>1</F>
      </Row>
      <Row index="734">
        <F>735</F>
        <F>736</F>
        <F>1</F>
      </Row>
    </GDALRasterAttributeTable>
    <Metadata>
      <MDI key="STATISTICS_MINIMUM">7</MDI>
      <MDI key="STATISTICS_MAXIMUM">286</MDI>
      <MDI key="STATISTICS_MEAN">63.739620827822</MDI>
      <MDI key="STATISTICS_STDDEV">26.327478798197</MDI>
      <MDI key="STATISTICS_SKIPFACTORX">1</MDI>
      <MDI key="STATISTICS_SKIPFACTORY">1</MDI>
      <MDI key="STATISTICS_EXCLUDEDVALUES"></MDI>
    </Metadata>
  </PAMRasterBand>
</PAMDataset>
