<PAMDataset>
  <PAMRasterBand band="1">
    <Metadata>
      <MDI key="STATISTICS_MINIMUM">-64</MDI>
      <MDI key="STATISTICS_MAXIMUM">260</MDI>
      <MDI key="STATISTICS_MEAN">147.20284684163</MDI>
      <MDI key="STATISTICS_STDDEV">34.420320638168</MDI>
      <MDI key="STATISTICS_SKIPFACTORX">1</MDI>
      <MDI key="STATISTICS_SKIPFACTORY">1</MDI>
      <MDI key="STATISTICS_EXCLUDEDVALUES"></MDI>
      <MDI key="STATISTICS_COVARIANCES">1184.75847283431</MDI>
    </Metadata>
  </PAMRasterBand>
</PAMDataset>
