<?xml version="1.0" encoding="UTF-8"?>
<metadata xml:lang="en"><Esri><CreaDate>20150414</CreaDate><CreaTime>14393900</CreaTime><ArcGISFormat>1.0</ArcGISFormat><SyncOnce>TRUE</SyncOnce><DataProperties><lineage><Process ToolSource="c:\program files (x86)\arcgis\desktop10.2\ArcToolbox\Toolboxes\Spatial Analyst Tools.tbx\RasterCalculator" Date="20150414" Time="143939">RasterCalculator ""mask.tif" * "temperature.tif"" C:\data\lab12\temperature1.tif</Process></lineage></DataProperties></Esri></metadata>
